Name,Salary
Katie Wilson,79566.16
Laura Wilson,46458.46
John Smith,98384.24
Mike Brown,48031.52
Chris Miller,60427.86
Katie Smith,44104.18
Mike Williams,80417.09
Sarah Brown,67354.99
Emily Smith,62571.4
Chris Johnson,72193.94
Chris Wilson,53254.59
Emily Williams,57049.59
Jane Miller,55178.92
Chris Miller,77778.03
Jane Wilson,66805.59
Sarah Wilson,56752.42
Sarah Davis,88509.31
Mike Williams,39300.38
Katie Taylor,55851.18
Mike Johnson,69400.54
Mike Johnson,64751.63
David Williams,85962.82
Katie Johnson,84953.22
Sarah Johnson,48502.68
Jane Davis,30173.06
Chris Johnson,74067.78
Emily Moore,92952.57
Chris Wilson,72704.05
Laura Wilson,38369.69
David Smith,92483.56
David Williams,89963.55
Laura Brown,44929.55
Katie Miller,50796.97
John Miller,75271.25
Laura Williams,91274.23
David Jones,47365.16
David Moore,87724.96
Mike Davis,36616.53
Laura Williams,97826.18
Jane Wilson,30888.93
David Moore,49103.18
Jane Moore,36608.93
Emily Johnson,75267.41
Laura Williams,31270.28
Mike Brown,58822.6
Laura Johnson,70375.83
David Moore,88902.35
John Moore,63400.72
Alex Davis,75031.23
Katie Smith,96116.62
Emily Johnson,44795.87
John Taylor,70101.75
Katie Jones,51716.52
Laura Wilson,33191.47
Sarah Davis,62122.33
John Jones,38682.02
Chris Smith,96123.3
Katie Williams,93809.05
Laura Smith,62021.42
Mike Smith,77758.2
David Wilson,86126.81
Emily Davis,64943.39
Mike Williams,72198.19
Mike Smith,96707.83
Chris Johnson,64066.35
Mike Wilson,34218.95
Sarah Smith,72638.44
Alex Wilson,51567.3
John Williams,55663.29
Laura Jones,73333.94
Chris Wilson,51200.56
John Williams,53903.23
Mike Williams,86689.11
Laura Jones,49625.34
Alex Smith,48461.52
Laura Miller,34533.51
Chris Wilson,47567.02
Chris Taylor,72470.89
David Miller,63144.02
Katie Smith,97780.15
Sarah Davis,33003.78
David Davis,71636.77
David Taylor,78882.67
Emily Wilson,43438.28
Sarah Moore,70678.21
David Wilson,33442.87
Mike Moore,88996.58
Laura Moore,34019.42
Jane Brown,38324.75
Jane Davis,33143.84
Katie Jones,81541.49
Emily Williams,76660.87
Katie Miller,37545.09
Emily Miller,71128.18
David Wilson,79837.88
Laura Johnson,87157.76
Emily Taylor,43188.65
Chris Taylor,50705.28
Mike Johnson,93870.06
Katie Jones,52024.31
Alex Williams,82300.96
Laura Wilson,52625.21
Emily Moore,81768.85
Alex Moore,76420.96
David Wilson,75765.11
Jane Davis,76974.69
Chris Johnson,84467.05
Emily Williams,39423.68
Jane Smith,34178.94
John Davis,97281.99
Mike Johnson,44413.99
Emily Williams,76289.64
John Miller,66790.85
Chris Brown,41891.9
Emily Wilson,92189.6
David Jones,38782.73
David Taylor,93429.53
Sarah Brown,79991.59
David Williams,40131.54
Katie Johnson,87283.86
Mike Williams,42156.17
Mike Williams,82794.39
Emily Miller,32454.11
Sarah Moore,59688.18
Mike Moore,59591.78
Alex Moore,57003.76
Sarah Smith,41171.88
David Taylor,44386.69
Jane Wilson,46347.34
Alex Johnson,64536.12
Jane Taylor,86382.76
Alex Taylor,37372.82
Mike Moore,97314.88
Mike Williams,94929.13
Mike Smith,68189.43
David Smith,76118.66
Alex Johnson,46780.66
Mike Brown,73816.48
Katie Moore,99273.79
David Davis,58813.47
Alex Smith,95255.97
Alex Johnson,65907.93
Sarah Johnson,87627.35
John Johnson,87812.56
Jane Wilson,54274.64
Chris Moore,70952.2
Sarah Johnson,61437.64
Jane Jones,35398.51
Alex Williams,77199.98
Laura Smith,64575.35
Alex Smith,41956.74
Katie Brown,83044.11
Katie Davis,53645.71
Mike Wilson,52811.54
Alex Jones,53424.41
Jane Davis,73133.81
Jane Wilson,71557.87
John Moore,64174.9
Katie Jones,65427.08
Emily Taylor,51191.97
Laura Smith,52908.96
Mike Jones,98199.88
Sarah Brown,57315.11
Laura Wilson,95771.41
Jane Moore,78142.99
Laura Williams,36265.24
Laura Jones,33444.11
David Wilson,42322.75
Chris Smith,51921.61
Katie Johnson,54214.49
David Smith,96989.48
Laura Smith,68252.01
Emily Williams,49741.59
Emily Brown,45046.18
Alex Brown,80714.85
Emily Williams,65200.11
Chris Jones,75073.0
Emily Moore,48679.34
Alex Jones,37493.4
Sarah Davis,70851.55
Laura Johnson,38828.53
David Miller,95212.58
David Wilson,89579.53
Jane Taylor,57211.08
Alex Davis,82002.08
David Williams,78444.99
Laura Miller,48334.67
Laura Johnson,60382.57
David Brown,64328.04
Emily Wilson,37021.36
Sarah Wilson,45946.94
Laura Taylor,48761.54
Mike Miller,80319.87
Jane Jones,30870.99
Laura Williams,91105.42
Katie Miller,95441.41
Alex Smith,62673.36
John Jones,98700.79
John Brown,56176.78
Sarah Moore,91540.2
Laura Taylor,60232.13
Chris Moore,71935.8
Laura Miller,96208.33
Alex Moore,54948.79
Laura Smith,45701.24
Alex Johnson,95030.96
Laura Brown,42943.03
Alex Johnson,80159.77
John Smith,61404.64
Chris Jones,95258.33
David Wilson,39272.92
David Moore,37669.81
Sarah Johnson,92119.11
David Williams,61425.33
Chris Williams,60102.08
Chris Taylor,58840.53
John Williams,36531.75
Sarah Davis,65184.46
Chris Wilson,69387.87
Emily Williams,32082.71
John Johnson,95115.61
Mike Jones,35267.51
David Smith,90221.67
Jane Davis,32179.29
Jane Williams,47315.88
Emily Smith,78946.89
Laura Johnson,51117.89
Alex Moore,88783.51
Katie Taylor,72808.65
Katie Johnson,46484.15
Alex Taylor,50159.06
Emily Moore,49758.1
Chris Taylor,64235.77
Alex Davis,66384.47
Laura Smith,94694.95
Alex Johnson,60601.84
David Brown,61747.37
David Miller,35818.33
David Williams,38851.81
Chris Williams,81962.34
Laura Wilson,31143.72
David Brown,61925.89
Katie Jones,75824.52
Mike Johnson,74709.09
John Moore,32639.96
Jane Brown,74994.75
Emily Jones,95763.76
Katie Brown,46479.13
Chris Moore,74756.66
Katie Johnson,77094.47
Mike Smith,59333.03
Jane Taylor,99202.6
Laura Miller,34157.99
David Brown,62358.1
Laura Williams,57560.89
David Johnson,57184.05
Sarah Jones,53619.06
Emily Smith,79844.18
Emily Davis,99232.06
Katie Davis,31450.03
Emily Taylor,46481.86
Katie Taylor,50893.08
Katie Moore,54870.24
Katie Taylor,38968.87
Katie Smith,80072.27
Mike Taylor,66285.78
Sarah Moore,59857.68
Mike Williams,78577.36
Jane Taylor,91517.81
Sarah Smith,51664.31
Alex Brown,61151.22
Laura Moore,89982.89
Jane Miller,63860.47
Mike Smith,95674.71
Mike Johnson,51879.35
David Taylor,37750.7
David Wilson,46061.06
Mike Moore,81363.16
Laura Miller,80355.74
David Wilson,43976.54
Katie Miller,71727.2
Chris Brown,37423.85
David Williams,33450.07
John Williams,73364.1
Mike Jones,37693.02
Emily Davis,36292.38
Alex Davis,88176.63
Katie Wilson,66879.71
Sarah Miller,92804.64
Emily Brown,87835.41
Alex Wilson,69618.16
Katie Smith,63571.8
Laura Smith,45522.75
Sarah Wilson,53022.44
Chris Jones,58458.63
Jane Williams,89662.56
Mike Miller,77297.21
Jane Williams,36287.56
Sarah Miller,79185.34
Mike Taylor,36590.82
Katie Wilson,94672.29
David Miller,67946.71
Sarah Brown,65522.27
Chris Miller,59843.75
David Brown,69255.01
Sarah Johnson,46439.96
Sarah Johnson,97498.11
David Williams,83358.68
Emily Williams,30447.46
Chris Wilson,58894.35
Chris Jones,55983.23
John Davis,60247.62
Mike Moore,94681.27
David Smith,56413.38
Jane Miller,90648.16
Chris Wilson,30226.27
Jane Johnson,59178.58
Emily Brown,41069.92
Alex Brown,39242.69
David Smith,79463.21
Sarah Wilson,43351.94
David Williams,88444.53
Sarah Johnson,48566.39
Emily Brown,38414.19
David Jones,51755.35
Jane Smith,93789.45
Emily Brown,53061.74
Mike Wilson,41535.18
Laura Jones,88778.23
Jane Smith,80817.88
Emily Davis,61126.41
Laura Williams,50386.83
Mike Williams,46979.36
Laura Davis,96636.44
Mike Johnson,86273.23
John Taylor,74831.92
Laura Johnson,34453.08
Chris Taylor,47691.8
Sarah Wilson,90776.7
Laura Johnson,34079.86
Chris Wilson,85090.19
Chris Moore,57179.56
Laura Miller,57552.64
David Wilson,31810.57
Emily Smith,71464.36
Alex Wilson,62322.28
Laura Jones,31819.29
Katie Jones,88209.2
Laura Moore,70535.83
Chris Moore,52367.12
Alex Brown,56155.03
Jane Johnson,84559.27
Chris Smith,36048.9
David Jones,66770.15
Mike Taylor,63811.42
Laura Wilson,31459.14
John Smith,63097.28
John Davis,62870.43
Laura Brown,62300.19
Laura Johnson,99141.46
Alex Williams,87142.52
David Moore,50123.76
Alex Miller,67422.12
Sarah Wilson,72113.77
Emily Smith,88132.62
David Smith,47340.0
Emily Davis,64369.88
Chris Brown,31452.54
Jane Jones,54616.85
Alex Taylor,71307.96
Jane Brown,94345.62
David Miller,62581.12
Katie Miller,52270.13
John Williams,96861.06
Sarah Smith,59295.24
Laura Smith,96519.64
John Brown,33550.83
Alex Smith,82341.95
Chris Smith,32774.64
Alex Jones,53738.05
Mike Jones,88969.17
Alex Smith,44383.34
David Davis,58869.23
Emily Johnson,78181.85
Katie Williams,58285.12
Katie Brown,49679.87
Mike Williams,61650.25
Katie Wilson,82857.28
John Smith,31392.1
Alex Moore,72629.19
John Miller,96778.05
Katie Davis,41286.2
Laura Moore,30210.76
Alex Johnson,47225.15
Chris Williams,84989.58
Katie Brown,58543.94
Katie Smith,81654.44
Jane Brown,96442.2
Mike Smith,95778.53
John Miller,93981.61
Jane Taylor,69278.58
Chris Davis,75356.58
Chris Brown,85748.34
David Miller,43025.11
Laura Miller,32273.75
David Miller,64578.56
Jane Taylor,32824.77
David Miller,38484.79
John Wilson,61923.03
David Brown,76943.05
Emily Miller,87467.99
Chris Taylor,57579.49
Mike Jones,32234.37
David Williams,57842.48
Chris Wilson,49416.83
Sarah Moore,42202.29
Mike Moore,46427.76
Mike Davis,77304.17
Laura Wilson,93159.82
John Johnson,79897.22
David Wilson,54063.73
John Brown,74796.08
Alex Johnson,42651.38
Alex Davis,85292.95
Katie Smith,84340.32
Mike Wilson,80355.26
Katie Davis,99535.49
Katie Miller,57323.15
David Taylor,38918.05
Laura Moore,59481.21
Katie Taylor,88833.47
Alex Jones,37363.42
Sarah Johnson,33352.97
John Johnson,75301.35
David Jones,35951.75
David Smith,43722.82
Jane Wilson,34576.1
Mike Moore,74695.46
Katie Brown,88564.5
Sarah Smith,81910.74
Laura Wilson,61576.83
Mike Jones,31273.65
Sarah Williams,31683.79
Chris Wilson,48882.67
Jane Jones,83441.3
Emily Taylor,93741.49
John Wilson,30429.3
Jane Moore,61464.66
Sarah Brown,53422.44
Katie Davis,45787.74
Laura Smith,91043.5
John Johnson,76267.67
Emily Wilson,97144.4
Katie Smith,58392.71
David Wilson,78185.83
Sarah Williams,94522.17
David Wilson,97100.27
Emily Johnson,56861.64
Sarah Brown,98796.76
David Moore,67648.47
Laura Brown,36843.27
Mike Taylor,89715.1
Laura Moore,46091.35
John Jones,80921.04
John Williams,71856.4
John Wilson,61644.4
Sarah Johnson,96178.26
Katie Jones,98148.37
David Davis,66100.41
Sarah Brown,40507.04
Emily Smith,98032.37
Sarah Smith,98758.99
Chris Johnson,92920.78
Emily Smith,31980.74
Emily Miller,54348.83
John Brown,70645.62
Jane Wilson,95507.04
Laura Williams,87425.98
Sarah Williams,83167.97
Alex Jones,41330.52
Chris Williams,78921.81
Mike Miller,44446.9
Alex Smith,60479.91
Sarah Johnson,70510.77
John Jones,46606.78
Alex Taylor,73468.13
John Taylor,73023.53
Alex Smith,67108.47
Mike Johnson,82699.46
Jane Davis,79161.28
Jane Miller,63218.87
Alex Smith,98848.47
Alex Moore,50005.07
Laura Davis,31261.94
Alex Williams,76463.36
Chris Wilson,54512.89
Laura Williams,55983.4
Mike Moore,58151.33
Jane Williams,70328.02
Emily Wilson,99734.55
Emily Jones,68198.69
Laura Wilson,70050.05
John Williams,32698.99
Sarah Johnson,82909.86
Laura Miller,85565.78
Chris Davis,51714.89
Chris Miller,79609.97
Chris Taylor,64391.02
Katie Smith,43295.34
Emily Jones,66932.25
John Smith,61572.24
Sarah Moore,91124.36
Mike Williams,48890.33
Emily Wilson,36838.09
Jane Johnson,42634.16
Sarah Wilson,78942.41
Chris Taylor,39499.43
Chris Brown,94051.19
John Williams,58263.59
Jane Taylor,74080.79
John Wilson,31197.7
Alex Moore,86589.86
David Jones,31612.23
Alex Williams,89999.68
Katie Smith,39572.83
Alex Moore,79060.86
Jane Moore,51364.06
Jane Brown,49617.22
Jane Miller,84901.31
John Davis,70763.69
Alex Smith,89382.48
Sarah Miller,99579.79
Emily Davis,70572.56
Sarah Wilson,35377.17
John Johnson,71810.98
Katie Jones,46623.62
Sarah Williams,50629.94
David Miller,34293.27
John Williams,85042.5
Mike Taylor,73448.21
John Miller,75674.1
John Moore,58841.22
Sarah Wilson,96488.08
Alex Miller,87255.22
Emily Moore,53582.77
Laura Jones,69457.6
John Williams,88617.67
Sarah Johnson,83364.29
John Miller,95877.35
Chris Brown,42447.58
Laura Brown,82979.7
Mike Jones,77206.44
John Miller,81259.95
David Williams,95373.95
Sarah Jones,33282.24
Mike Johnson,80516.93
Chris Johnson,42219.08
David Moore,59125.34
John Johnson,53218.98
Alex Williams,36848.3
Sarah Wilson,96080.11
Sarah Smith,31430.29
Sarah Williams,90875.16
Alex Miller,71884.07
Alex Williams,62687.89
Katie Moore,87635.67
David Brown,93313.57
Mike Moore,86210.26
Sarah Wilson,82931.6
Katie Davis,56572.75
Jane Johnson,40707.19
John Miller,99018.96
Laura Smith,85348.2
Jane Smith,38626.95
Sarah Williams,55672.25
Emily Davis,41317.28
Mike Wilson,78380.74
Laura Moore,48490.81
Alex Wilson,43404.63
Emily Brown,32604.51
John Moore,85795.87
Emily Jones,85244.14
David Williams,89564.61
David Wilson,86727.4
Chris Taylor,42880.1
Sarah Brown,45801.86
Alex Moore,62834.29
Katie Moore,85023.03
Mike Smith,76788.44
John Taylor,86703.74
Emily Wilson,59780.7
Alex Jones,59819.14
Jane Davis,49427.52
Mike Smith,49688.88
Sarah Brown,59230.55
Sarah Johnson,44600.97
Sarah Johnson,61490.13
David Smith,53734.09
John Taylor,38473.81
John Moore,41425.59
John Miller,76688.93
John Wilson,78783.14
Chris Davis,61116.18
Alex Moore,38719.05
John Jones,34814.22
Sarah Taylor,72009.27
Alex Taylor,47272.84
Sarah Smith,90932.65
John Moore,49626.43
David Smith,72698.48
Katie Wilson,41232.95
Katie Johnson,68601.46
John Brown,40272.33
Jane Williams,37205.04
Mike Davis,61346.01
Jane Jones,46079.82
Chris Miller,51083.5
Katie Johnson,51962.25
Laura Smith,41258.99
David Brown,36871.47
David Miller,54296.78
Alex Smith,75791.68
Alex Davis,66495.72
Alex Williams,77729.81
Mike Miller,69376.92
David Taylor,37393.04
John Jones,93208.66
Emily Johnson,42012.68
John Miller,54696.2
David Johnson,90926.55
Alex Williams,59020.47
Alex Moore,65598.39
Emily Jones,46683.68
Laura Jones,74593.61
Emily Brown,87816.88
Emily Johnson,50894.68
John Johnson,93642.75
David Smith,65836.34
David Miller,59637.26
Mike Miller,36365.78
Laura Williams,61214.64
Alex Johnson,60870.08
Alex Taylor,47594.21
David Moore,68865.12
Emily Miller,78911.01
David Miller,99794.69
John Brown,88606.82
Emily Wilson,42243.13
Chris Wilson,91171.43
Jane Miller,32977.47
Chris Smith,54717.46
Mike Davis,71040.39
Sarah Moore,61451.91
Laura Moore,44966.32
Katie Davis,85757.23
Jane Miller,32498.73
David Johnson,84179.53
Laura Davis,52991.03
Chris Brown,69611.72
Laura Williams,38623.27
Jane Moore,38633.1
David Williams,39592.06
Laura Williams,94854.79
Sarah Williams,46909.58
John Brown,38930.47
Alex Jones,83830.15
David Wilson,90756.61
John Miller,33447.29
Sarah Wilson,57119.06
Mike Davis,98330.84
Emily Williams,56637.78
Chris Jones,74336.37
Mike Davis,55831.31
Emily Williams,58980.86
David Smith,34901.94
Katie Taylor,58003.78
Sarah Smith,66146.79
Mike Smith,31602.64
Mike Taylor,71878.47
Mike Wilson,84318.46
Jane Davis,32014.26
Katie Taylor,95533.55
Jane Wilson,44482.72
Katie Moore,86410.66
John Brown,66517.93
Sarah Jones,70317.59
David Williams,79488.08
Sarah Jones,77744.98
Mike Wilson,83924.66
David Moore,33843.41
Katie Brown,80705.35
Laura Wilson,86455.21
John Smith,45430.06
David Johnson,48832.54
Jane Brown,94351.82
Chris Johnson,83882.98
Katie Jones,60654.27
Katie Davis,56922.15
Emily Jones,74959.26
John Wilson,81877.68
Jane Smith,88528.29
Chris Smith,71632.53
John Miller,71929.23
Jane Davis,33659.18
Katie Miller,99320.49
Sarah Miller,72092.42
Jane Wilson,37412.26
Laura Moore,63451.28
Sarah Miller,38954.52
Laura Williams,42531.4
Mike Wilson,48198.89
John Jones,33337.02
John Miller,52438.48
Laura Miller,74683.66
Emily Brown,83675.05
Emily Miller,92796.65
Chris Johnson,30755.37
Mike Wilson,37318.42
Mike Moore,37554.47
Laura Wilson,82195.69
Mike Williams,44779.7
Alex Williams,63009.05
David Johnson,44126.7
Katie Davis,88180.59
Sarah Davis,52517.16
Chris Moore,63790.75
Alex Miller,68681.4
John Taylor,49962.76
Chris Williams,70069.14
Sarah Miller,44096.79
Jane Miller,65067.06
Alex Moore,60585.63
John Williams,93164.98
Chris Miller,79236.97
John Moore,67509.57
Katie Miller,55696.95
Emily Williams,31738.16
Laura Davis,48219.39
Sarah Brown,58463.62
John Smith,63580.49
Laura Johnson,87924.7
Mike Moore,55903.16
Jane Smith,66992.16
Laura Smith,50803.48
Alex Johnson,54180.49
Sarah Moore,85886.22
Katie Johnson,60703.51
Chris Brown,47125.49
Alex Williams,48809.56
Mike Brown,50760.0
Sarah Wilson,86274.85
Katie Williams,47204.44
Alex Jones,54225.3
Jane Davis,48666.41
Chris Smith,41376.36
Jane Miller,49241.6
Katie Williams,61318.06
Mike Smith,64366.66
Chris Taylor,91915.78
Mike Johnson,93470.57
Alex Taylor,33376.91
Laura Moore,71361.44
Sarah Taylor,78902.58
Katie Taylor,67777.89
David Moore,74923.34
John Moore,98236.6
Alex Taylor,53915.94
Chris Smith,50216.07
Laura Smith,34073.76
Katie Smith,43069.33
Sarah Miller,69537.39
Laura Smith,36568.7
Emily Moore,93769.57
Alex Davis,53311.67
David Smith,54506.51
Emily Davis,54324.11
Katie Smith,97093.18
Alex Wilson,42520.86
Chris Wilson,49717.38
Jane Wilson,77349.77
Laura Taylor,95072.69
Emily Johnson,38818.68
David Jones,40822.38
John Miller,44020.33
Alex Jones,32497.81
Katie Brown,87109.7
Alex Johnson,45515.32
Sarah Brown,70097.4
Mike Wilson,68720.23
Chris Taylor,59710.5
Laura Williams,78954.86
David Wilson,49188.97
Katie Taylor,67274.89
David Williams,94504.69
Emily Smith,62088.65
Katie Jones,74105.28
Katie Smith,51392.73
Emily Taylor,36342.37
Katie Johnson,36012.13
John Brown,79857.85
Emily Davis,55539.74
Alex Taylor,32178.45
Alex Wilson,59598.69
Mike Williams,57151.99
David Taylor,85601.99
Mike Taylor,94774.95
Mike Moore,57409.63
Alex Taylor,60983.68
Mike Williams,66656.48
Mike Moore,71859.04
Alex Brown,70013.13
John Miller,60815.2
David Wilson,64526.88
Mike Williams,44026.7
Emily Jones,96238.35
Emily Smith,87848.96
Katie Wilson,51207.36
Sarah Taylor,33620.8
Jane Johnson,76724.09
John Jones,80079.03
Katie Jones,91010.3
David Miller,55638.85
John Davis,43427.12
Chris Brown,86094.7
Katie Jones,40111.31
John Johnson,46347.01
John Moore,79941.9
Laura Taylor,53484.76
Katie Jones,37958.84
Jane Taylor,47648.97
Katie Davis,66436.34
Katie Williams,38441.91
John Smith,89752.99
Emily Brown,54261.95
Jane Johnson,36996.36
Emily Taylor,74602.84
Chris Brown,33628.49
Sarah Miller,46838.85
Jane Williams,36600.73
David Miller,73584.96
Jane Williams,39037.2
John Brown,74798.5
Mike Taylor,32506.25
David Brown,49338.49
Chris Smith,32663.08
Chris Taylor,46915.36
Emily Brown,30718.93
Chris Johnson,48038.64
John Wilson,87203.67
Katie Moore,73254.68
Sarah Johnson,69513.35
John Smith,31324.47
David Wilson,34629.23
Katie Miller,99129.37
David Smith,94897.13
Jane Miller,92447.66
Alex Wilson,36892.68
Chris Taylor,54897.16
David Brown,79973.63
Alex Taylor,59997.92
Emily Jones,71545.61
Sarah Miller,75120.86
Jane Smith,90307.49
Laura Williams,69393.89
Sarah Wilson,62241.31
David Wilson,45328.85
Laura Johnson,58875.8
Katie Johnson,31143.92
Jane Moore,30875.24
Chris Davis,68326.49
Jane Wilson,54958.9
Emily Jones,38158.58
Mike Taylor,32468.36
David Williams,34153.86
Katie Miller,67377.37
Laura Miller,99550.21
Katie Johnson,77810.65
John Wilson,88809.63
David Taylor,78658.7
Sarah Davis,50709.92
Chris Wilson,43279.2
Mike Smith,81014.17
Mike Johnson,86898.88
David Taylor,59782.91
Chris Wilson,95011.69
Katie Williams,49789.01
David Moore,92084.77
Emily Williams,68254.62
Chris Johnson,95840.91
Laura Williams,96770.41
Laura Williams,74682.09
Jane Wilson,39691.15
Emily Davis,52950.89
Emily Brown,49709.24
John Wilson,76307.58
Jane Johnson,78180.59
Sarah Miller,65975.87
Chris Williams,98255.36
Chris Miller,55632.56
Emily Williams,36204.87
Mike Wilson,50534.7
Jane Miller,94332.11
Jane Williams,75456.11
Mike Wilson,64893.45
Laura Davis,72632.47
Chris Smith,70495.76
Jane Davis,39299.02
Jane Wilson,69111.29
Laura Taylor,39876.62
Jane Moore,32095.13
Jane Smith,37590.67
Emily Wilson,61527.6
Chris Miller,63246.76
Alex Wilson,74106.62
Sarah Williams,89515.89
Alex Johnson,53665.71
Jane Davis,41642.15
Jane Davis,69387.49
John Taylor,74754.75
Alex Miller,43331.22
Katie Jones,46672.5
Katie Taylor,82231.49
Chris Moore,79743.66
Katie Johnson,93361.29
Mike Jones,76883.85
Katie Johnson,87328.41
Laura Jones,81801.73
Chris Johnson,79265.53
Emily Jones,95970.38
Jane Williams,68560.7
Laura Davis,88232.6
Mike Johnson,87491.52
David Brown,76314.26
John Miller,39308.71
Katie Miller,38590.77
David Johnson,54191.21
Jane Johnson,96988.13
Alex Brown,89805.09
John Wilson,84374.33
Emily Williams,72420.37
Sarah Jones,94900.43
Jane Smith,72235.64
Sarah Moore,97757.71
Alex Johnson,63204.06
Emily Taylor,67831.82
Jane Miller,87651.78
Laura Davis,71512.29
Mike Johnson,98998.07
Emily Taylor,41066.13
Alex Jones,66257.57
Katie Williams,60954.5
Katie Wilson,92770.25
Sarah Miller,67045.13
Sarah Wilson,92009.63
Chris Johnson,53995.13
David Johnson,41454.26
Chris Miller,65835.05
Chris Taylor,99607.1
David Moore,65118.84
Katie Brown,92687.33
Katie Brown,34815.55
Emily Jones,44196.7
Emily Davis,41035.74
David Davis,69178.45
David Davis,31444.39
Laura Davis,80499.69
Katie Miller,75433.98
Sarah Williams,33555.97
Katie Wilson,47329.9
Katie Taylor,96369.31
Katie Davis,80448.54
Chris Williams,75999.69
Sarah Williams,70000.41
Emily Smith,61374.32
Katie Johnson,71054.07
Katie Moore,54122.9
Laura Taylor,34525.03
Chris Jones,58692.79
Chris Miller,82005.71
Alex Taylor,87956.24
David Moore,59718.26
Katie Smith,62014.91
Chris Johnson,71060.5
Jane Brown,86817.75
John Smith,91939.47
David Williams,39093.08
Chris Smith,44899.8
Mike Davis,58258.97
David Moore,78246.82
David Williams,71805.09
Mike Jones,53976.85
David Brown,98053.96
Laura Brown,72297.37
Emily Taylor,48844.87
Mike Miller,32771.92
Katie Brown,94687.62
Chris Johnson,42662.37
Emily Miller,60467.25
Laura Johnson,90673.08
John Brown,48341.04
Emily Miller,73367.18
Alex Moore,32190.94
Jane Davis,97212.4
John Johnson,33792.6
Emily Smith,74701.5
Emily Taylor,67834.84
Jane Brown,68285.19
Alex Taylor,90388.9
Emily Wilson,62672.26
Katie Smith,57403.33
Jane Wilson,78339.85
Emily Moore,73716.39
John Smith,96491.94
Alex Wilson,61720.02
Emily Jones,81840.18
Sarah Miller,40004.6
Emily Jones,41398.26
Katie Williams,33435.8
Jane Jones,54882.31
Chris Smith,97199.49
David Brown,41738.01
Sarah Taylor,55692.77
Chris Johnson,66373.1
Emily Johnson,45294.58
Alex Johnson,69039.06
David Miller,70275.56
David Brown,46102.66
Alex Smith,92313.92
John Jones,35181.15
Laura Davis,69464.13
Alex Miller,68063.22
Mike Moore,84439.77
Jane Smith,78416.91
Laura Miller,65389.85
Katie Smith,97643.85
Mike Miller,96561.77
Jane Brown,93059.36
David Moore,78562.93
Sarah Miller,62073.63
Jane Taylor,64438.26
Sarah Jones,35014.83
Katie Brown,42735.05
Alex Miller,99528.84
Mike Williams,63843.24
Alex Wilson,47922.08
Katie Miller,72973.8
Chris Brown,97923.86
Chris Jones,69840.43
David Brown,32443.15
Jane Williams,88482.71
Laura Brown,90100.05
David Moore,47498.49
Jane Wilson,54240.58
Chris Taylor,56543.83
Chris Smith,90723.91
Alex Johnson,90232.74
David Brown,57838.54
Katie Moore,79487.7
Sarah Davis,44128.85
Laura Williams,58757.03
David Davis,41907.12
Emily Williams,76373.93
Sarah Miller,47750.91
Mike Taylor,50563.48
Sarah Brown,94610.81
Jane Jones,92685.14
Alex Davis,34878.79
Laura Taylor,60470.79
Sarah Brown,48903.84
Emily Wilson,78838.96
Emily Brown,88162.26
Katie Jones,37411.43
Mike Taylor,78545.2
Jane Williams,87175.18
Laura Smith,98687.45
Katie Jones,93760.67
Mike Wilson,84091.73
Alex Brown,95134.62
John Jones,51113.39
Sarah Taylor,86115.77
David Brown,58552.29
Laura Johnson,56278.23
Laura Jones,66331.64
Jane Smith,78649.97
Mike Wilson,86715.59
Katie Smith,92612.23
Emily Jones,94272.39
Jane Jones,75773.67
Jane Taylor,67863.36
David Miller,99925.45
Alex Jones,64476.71
Laura Wilson,87248.47
Katie Moore,34342.81
Emily Davis,82609.96
Sarah Davis,98338.08
John Wilson,68397.13
Mike Smith,70354.56
Katie Davis,62560.82
Chris Johnson,85141.23
Chris Williams,41210.9
Mike Davis,39171.37
Alex Moore,99887.01
Jane Davis,36710.12
Katie Brown,47909.94
Emily Davis,34491.94
John Wilson,42207.52
Sarah Wilson,68360.25
Jane Jones,54255.45
David Miller,37382.36
Jane Taylor,58366.61
Jane Davis,65206.26
Sarah Miller,75735.35
Laura Jones,93037.66
Chris Jones,49457.05
Emily Taylor,73838.39
Alex Davis,83572.21
Sarah Wilson,38456.9
Emily Moore,53110.51
Emily Brown,73203.2
John Smith,63135.34
Katie Moore,90930.62
Emily Taylor,37108.38
Alex Brown,47158.52
Sarah Brown,52273.92
Sarah Johnson,63716.92
Jane Williams,36340.25
John Jones,50514.92
Emily Jones,85720.84
Laura Davis,39175.46
Emily Moore,71747.37
Mike Miller,79011.84
Katie Jones,50115.38
David Miller,75194.97
Sarah Jones,88255.56
Jane Jones,44803.28
Sarah Miller,80227.0
Chris Johnson,47384.19
Jane Brown,45561.1
Jane Taylor,80689.79
Emily Brown,60259.07
Chris Smith,78937.52
Jane Brown,36647.28
Chris Williams,54716.5
Mike Moore,64096.56
Chris Williams,87151.36
Alex Miller,37620.64
Chris Miller,31407.35
Sarah Taylor,97105.35
Emily Wilson,81963.38
Sarah Taylor,98745.48
Katie Wilson,80390.08
Katie Moore,39969.42
Alex Brown,88503.18
Alex Miller,97812.41
Emily Taylor,59070.74
Emily Johnson,56201.6
Emily Moore,67224.2
Laura Wilson,32645.84
Sarah Taylor,69417.03
Chris Brown,51820.84
Mike Wilson,56780.46
Mike Taylor,94518.88
Chris Moore,84386.3
David Taylor,52382.88
John Wilson,63452.97
Mike Taylor,30848.53
David Davis,95937.49
John Johnson,39455.72
Katie Wilson,60407.56
David Moore,34540.78
Sarah Smith,73985.98
Alex Williams,82641.13
Chris Brown,55677.46
Emily Brown,96643.79
Sarah Wilson,43145.79
Chris Brown,74309.7
Laura Moore,84712.39
Emily Johnson,53299.49
David Jones,83722.2
Emily Jones,41285.4
Alex Moore,90162.04
Chris Moore,72894.26
John Moore,60912.85
Mike Brown,42037.62
David Smith,60432.54
David Williams,73794.44
David Wilson,34525.86
Katie Wilson,50148.2
Sarah Johnson,78379.65
Sarah Jones,42062.15
Sarah Jones,87504.19
Laura Miller,45055.29
Laura Taylor,46508.94
Jane Johnson,33154.86
Katie Moore,56014.08
Laura Wilson,81877.05
Chris Jones,50744.84
Alex Wilson,64468.04
Emily Moore,69717.03
Jane Johnson,43972.32
Laura Brown,46623.44
Sarah Wilson,59871.61
David Miller,91295.57
Katie Miller,74251.46
Chris Jones,74450.33
Emily Moore,64709.4
Katie Williams,77004.34
David Johnson,94993.72
Emily Wilson,68573.99
Jane Davis,65735.61
Emily Davis,59541.75
John Johnson,43447.76
Jane Wilson,67693.61
Chris Smith,40081.82
John Wilson,71870.89
Alex Miller,60985.41
Emily Smith,33799.54
Jane Johnson,90669.7
Alex Davis,83809.16
Chris Williams,81335.41
Emily Davis,59934.16
Katie Williams,95359.5
Jane Smith,32210.19
Alex Wilson,50434.05
John Smith,98445.7
Chris Johnson,89329.12
Laura Jones,69861.74
Alex Brown,88223.22
Jane Jones,76659.65
Sarah Smith,94795.38
Mike Wilson,83850.05
Katie Wilson,71091.07
Mike Brown,60452.1
Katie Johnson,61741.37
Alex Davis,65467.1
Emily Jones,65187.84
Katie Brown,52448.43
Mike Wilson,70606.06
Alex Johnson,68756.5
Chris Wilson,59411.45
Katie Taylor,65671.42
Alex Wilson,78125.56
Alex Davis,70576.15
Chris Williams,87076.0
Emily Taylor,88650.86
Katie Moore,99969.6
John Moore,37624.24
John Williams,44975.24
John Johnson,97033.19
Chris Smith,65518.07
John Wilson,39445.75
Sarah Moore,62780.23
Laura Johnson,74324.66
Alex Johnson,37216.3
Laura Brown,47918.09
Emily Taylor,71744.14
Katie Davis,94805.91
Laura Davis,88610.69
Jane Miller,71387.91
David Brown,55334.26
Chris Taylor,54259.9
David Jones,92215.63
Chris Taylor,84470.04
Laura Moore,48593.67
Laura Brown,68703.98
John Johnson,58054.67
Emily Brown,45528.05
Chris Jones,57700.02
Alex Moore,39206.34
Emily Jones,66418.52
Chris Wilson,84399.26
Emily Williams,41649.82
John Wilson,63024.59
Emily Smith,63591.79
Laura Johnson,36035.79
Mike Wilson,72950.77
Mike Smith,88236.76
David Johnson,30385.01
Emily Johnson,30425.86
Laura Johnson,62642.68
Katie Miller,98571.2
Chris Johnson,69090.12
David Davis,84379.16
Alex Smith,74144.37
Emily Miller,60824.67
John Smith,84710.88
David Johnson,44408.18
Chris Taylor,91693.02
Katie Wilson,30543.69
Jane Moore,55246.62
Jane Miller,95921.08
Emily Moore,94545.36
David Williams,52218.12
Jane Jones,31961.27
Emily Moore,95466.96
David Wilson,70218.37
Sarah Moore,76410.69
Jane Moore,97101.87
Alex Jones,75592.49
David Johnson,53657.22
David Brown,33595.08
Alex Williams,44723.48
Jane Davis,83860.28
Alex Williams,89400.53
John Smith,97448.95
Jane Jones,80541.29
Jane Davis,85589.19
Jane Brown,30193.64
Katie Smith,51450.87
Mike Taylor,74306.08
John Williams,78526.81
Mike Miller,44686.32
Sarah Jones,93909.31
David Moore,55529.29
Chris Davis,74898.8
Katie Wilson,56450.57
Emily Taylor,78196.44
Jane Davis,77611.17
Emily Moore,39961.74
Jane Moore,87921.67
Chris Wilson,92197.37
Mike Wilson,60695.81
Jane Jones,68816.68
David Taylor,82509.31
Chris Jones,33572.57
Sarah Johnson,71449.45
John Jones,69170.64
Mike Brown,77061.81
Chris Moore,47458.52
Chris Davis,52397.97
Alex Wilson,69170.85
Jane Johnson,80052.63
Laura Brown,49603.19
John Williams,80994.63
Chris Taylor,83372.07
Katie Davis,54951.86
Mike Taylor,34105.42
Laura Brown,99558.38
David Taylor,63841.76
Chris Taylor,77457.96
Emily Miller,41852.38
Jane Moore,30120.21
Mike Moore,82944.97
Emily Taylor,63285.04
Alex Jones,64067.67
Alex Wilson,80474.74
John Smith,32083.92
Katie Moore,51747.84
Jane Jones,44596.67
John Jones,74873.19
Jane Taylor,75854.26
Mike Smith,32191.95
Chris Smith,85615.19
Mike Smith,94273.75
Laura Wilson,71965.75
David Johnson,56074.13
Chris Williams,91134.63
David Brown,47452.24
Emily Smith,37742.61
Emily Smith,96147.83
Alex Jones,79926.16
Alex Brown,35931.82
David Davis,77684.36
Chris Smith,64309.56
Emily Brown,41225.97
Alex Wilson,48975.74
David Jones,40743.12
Chris Davis,72118.12
Chris Jones,57586.99
Chris Taylor,99440.97
David Smith,51130.38
Chris Smith,90975.39
Chris Brown,76556.87
Mike Miller,38691.85
Laura Wilson,79718.74
Katie Brown,47152.24
Sarah Johnson,77271.47
Katie Smith,94658.99
Emily Taylor,94009.99
John Taylor,41932.75
Laura Jones,70118.11
Katie Williams,77567.91
Alex Williams,52691.91
Emily Brown,83626.36
Mike Moore,86939.28
Katie Davis,44957.53
Chris Brown,44618.36
Katie Wilson,85905.01
Katie Brown,84033.16
Jane Moore,83728.34
Alex Miller,33239.63
Chris Smith,74918.44
John Brown,89723.97
Emily Taylor,38038.08
David Davis,81912.69
Chris Wilson,33086.06
Emily Williams,72197.23
Chris Jones,72644.94
Laura Davis,95423.93
John Moore,34744.84
David Brown,96064.51
Sarah Smith,31198.06
Katie Taylor,65235.5
Alex Davis,77249.48
Emily Wilson,75517.8
Chris Davis,48228.5
Katie Miller,91347.35
Laura Brown,79875.41
Emily Johnson,78273.08
Katie Jones,52773.66
Sarah Moore,71192.57
David Jones,53821.59
David Brown,45091.21
Emily Wilson,63190.73
John Wilson,95732.42
Katie Wilson,82343.16
Emily Jones,46488.77
David Miller,75325.9
Katie Jones,83064.87
Sarah Wilson,55758.84
Jane Moore,88308.33
Chris Smith,36607.71
Sarah Wilson,36314.11
David Brown,45940.11
Alex Smith,34922.86
Katie Smith,80014.39
Jane Davis,69310.37
Alex Smith,39641.49
Laura Taylor,47813.3
Emily Williams,92644.22
Katie Smith,51235.06
John Williams,55896.43
Sarah Jones,50081.24
Sarah Miller,65711.71
John Williams,92751.38
David Davis,50576.01
Emily Williams,41815.75
Laura Jones,33043.74
John Taylor,56633.14
Sarah Smith,78715.56
Chris Smith,93728.57
Sarah Jones,85853.41
Mike Moore,90335.91
Katie Wilson,41799.41
Sarah Smith,48524.66
Mike Moore,86315.8
John Davis,51944.71
Mike Brown,32758.08
Mike Wilson,82252.91
Mike Miller,34960.44
Chris Wilson,46428.66
David Davis,84604.34
Jane Smith,66540.2
Emily Miller,47741.06
Mike Jones,43709.95
Chris Moore,97747.9
Katie Johnson,95664.79
Katie Williams,81856.89
Sarah Davis,95537.48
Katie Smith,94182.1
Jane Miller,70954.81
Laura Moore,58410.15
Alex Smith,35740.35
Jane Wilson,66065.79
Chris Smith,44772.89
Emily Brown,79924.75
David Smith,88292.56
Alex Wilson,55576.19
Chris Williams,78594.68
Katie Jones,38737.01
Alex Brown,49590.92
Chris Williams,48064.5
David Jones,57918.73
Emily Taylor,77780.08
Katie Wilson,62842.47
David Davis,90660.38
Katie Davis,44603.73
Mike Brown,77602.88
Chris Jones,68712.79
John Davis,43901.75
Jane Jones,61911.24
Laura Davis,70917.63
Emily Moore,36950.52
Sarah Johnson,66959.57
Sarah Davis,97713.63
John Williams,85144.53
Sarah Wilson,66782.18
Emily Smith,31290.7
John Wilson,49158.65
Chris Johnson,74754.55
John Davis,58623.16
Emily Brown,75915.06
Emily Brown,45014.64
John Jones,42060.55
Emily Jones,95429.35
Mike Williams,43320.52
John Brown,64170.38
Chris Brown,56467.07
Chris Wilson,64027.89
Mike Wilson,83923.85
Alex Moore,88408.08
Emily Williams,34296.91
John Miller,91744.2
Laura Johnson,65844.94
Emily Brown,95696.47
Sarah Moore,65807.87
Laura Wilson,98983.26
Emily Johnson,39033.73
Alex Davis,79675.76
Katie Moore,41010.69
Sarah Taylor,30238.44
John Smith,52189.4
Sarah Davis,48291.04
Katie Jones,57091.26
David Miller,77070.05
Jane Miller,59088.47
Sarah Wilson,76054.78
Katie Miller,96700.84
Mike Wilson,53158.6
John Taylor,81885.71
Emily Smith,78227.52
Chris Miller,89862.79
Katie Moore,35590.56
Mike Smith,63176.39
Jane Taylor,83257.38
David Davis,80747.11
David Wilson,64709.32
Laura Jones,93111.18
Chris Moore,79995.92
David Jones,96047.47
John Davis,72019.22
Chris Taylor,36915.35
Katie Williams,89336.19
Alex Wilson,55920.04
Emily Brown,74418.06
Emily Miller,77660.21
Sarah Johnson,99109.35
Chris Brown,93237.64
Sarah Williams,56382.56
Mike Brown,67245.84
Katie Davis,85292.68
Chris Williams,83649.84
David Davis,39517.35
Katie Williams,86816.2
Alex Williams,59995.18
Alex Johnson,93757.83
Mike Moore,83420.72
Emily Smith,48095.52
Emily Johnson,80378.93
Mike Smith,95509.32
Alex Johnson,73126.23
Katie Davis,48785.27
John Brown,61435.78
John Brown,75142.94
Emily Miller,32844.33
John Davis,96923.15
Mike Smith,86683.81
Chris Jones,77230.89
Chris Brown,99661.6
Katie Jones,55945.83
Jane Miller,85927.46
Alex Williams,56291.72
Laura Wilson,70937.23
Sarah Smith,99475.49
Sarah Johnson,87176.04
John Miller,88525.88
John Davis,32416.69
John Johnson,40405.27
Alex Brown,66328.6
Jane Smith,86676.96
Jane Taylor,82646.27
Jane Wilson,70398.7
Mike Smith,38336.55
Laura Moore,66087.98
David Smith,88377.09
Laura Miller,95111.13
Laura Williams,55972.87
Chris Smith,30797.96
Laura Williams,63967.32
Emily Wilson,39822.12
Jane Moore,95523.31
David Jones,61220.33
Alex Davis,79608.44
Alex Smith,75220.1
Alex Wilson,73303.1
Mike Brown,64086.98
Mike Jones,98219.2
Mike Taylor,36336.08
Emily Wilson,80120.78
Laura Davis,93342.22
Emily Brown,45781.54
Sarah Moore,62782.38
Alex Wilson,56712.59
David Johnson,53460.34
Jane Miller,61528.52
Katie Miller,45499.56
David Wilson,36112.57
Laura Moore,80480.57
Laura Davis,44000.01
Alex Miller,73807.03
Chris Moore,39114.69
Sarah Smith,52682.24
Emily Miller,41523.87
Chris Moore,59725.38
Mike Williams,43073.93
Emily Davis,97770.46
Katie Williams,32232.63
Alex Jones,56814.41
Alex Johnson,92403.14
Alex Davis,43262.07
Emily Davis,39838.46
Chris Davis,89661.48
Sarah Davis,90271.89
Alex Taylor,67054.98
Chris Brown,84605.72
John Johnson,55198.72
David Jones,42618.79
Katie Wilson,74206.73
Chris Jones,90773.39
Sarah Miller,47276.08
Alex Wilson,83664.01
Emily Jones,63586.83
Mike Moore,85203.75
Laura Johnson,67851.28
Laura Wilson,42011.94
David Wilson,49078.78
Alex Taylor,67810.89
Chris Johnson,38601.77
Sarah Brown,75768.33
Mike Taylor,75172.51
Chris Jones,96587.25
Laura Johnson,38479.92
John Moore,50388.56
Katie Miller,49333.0
David Jones,53034.06
Chris Smith,95885.09
Laura Miller,71507.86
Mike Moore,96954.08
Laura Williams,38905.29
John Wilson,81910.46
Jane Smith,56161.75
Sarah Wilson,77343.34
John Miller,49097.38
David Wilson,60680.95
Katie Johnson,99707.22
Katie Johnson,78400.47
Sarah Jones,52819.58
David Taylor,70072.4
Mike Brown,36831.71
Mike Johnson,89872.16
Laura Williams,92866.13
Sarah Taylor,62795.48
Chris Davis,35105.75
Emily Brown,61347.96
Jane Smith,84373.55
David Moore,73329.61
Jane Williams,43270.06
Mike Moore,31949.55
David Jones,77044.77
Jane Davis,94651.22
Emily Smith,57249.99
John Brown,76129.62
John Davis,75450.12
Mike Brown,38187.25
Chris Davis,41783.47
John Taylor,61243.13
Sarah Wilson,89877.26
Chris Moore,47161.69
Sarah Moore,90394.71
Alex Taylor,59033.55
Sarah Moore,48540.79
Alex Williams,36519.33
Sarah Davis,98860.51
Chris Williams,32684.64
Sarah Wilson,59989.17
Sarah Moore,72468.46
Chris Smith,95709.43
Jane Miller,91857.18
Alex Moore,95744.43
Chris Davis,65935.62
Jane Johnson,94328.21
Chris Wilson,81780.04
Emily Davis,67824.26
Sarah Williams,98980.07
Chris Miller,31468.24
Mike Moore,87864.6
Chris Williams,54004.11
Emily Brown,87332.34
Emily Moore,52650.29
Jane Jones,40257.13
Laura Jones,41661.79
David Moore,33925.1
Sarah Davis,82601.81
Alex Moore,60661.08
Jane Smith,30553.81
Alex Brown,42985.84
Mike Taylor,91983.7
Laura Davis,79477.0
David Brown,46978.9
David Wilson,75263.04
Jane Miller,41525.55
Katie Williams,74774.95
Laura Taylor,74685.15
David Williams,98843.95
Mike Johnson,92037.12
Alex Wilson,71792.54
David Taylor,90024.14
Sarah Moore,94332.16
Chris Jones,80981.39
David Wilson,81600.36
Katie Smith,34341.09
Chris Davis,50570.7
David Johnson,55042.65
Chris Davis,43103.44
Emily Moore,70508.8
Alex Johnson,42609.6
Sarah Miller,58902.38
John Brown,70015.45
Chris Jones,97293.47
Mike Williams,42742.46
Emily Davis,87431.51
David Johnson,60815.18
Chris Johnson,96344.9
Katie Taylor,31701.76
Emily Davis,36496.97
Alex Brown,37376.23
Sarah Wilson,83907.28
Alex Williams,44432.09
John Moore,32906.4
John Miller,56701.17
Laura Davis,41765.55
Chris Wilson,33382.71
Alex Brown,94664.88
Katie Moore,35699.24
Alex Johnson,90224.85
Alex Johnson,43724.85
Katie Jones,96073.64
Jane Davis,81060.77
Sarah Miller,31906.05
Chris Miller,84665.97
Chris Miller,74116.23
Laura Wilson,43748.14
Laura Johnson,38130.77
Emily Johnson,59402.39
Alex Moore,40695.06
Emily Miller,33392.48
Laura Smith,45466.6
Sarah Smith,78122.01
Sarah Williams,79294.0
Laura Johnson,71578.39
Jane Davis,62284.94
Alex Davis,85384.78
Chris Brown,65890.42
Sarah Johnson,98724.89
Sarah Brown,66240.52
Sarah Taylor,99115.62
Jane Davis,37630.21
Alex Moore,46474.02
Emily Miller,83016.09
Alex Wilson,53908.39
Chris Davis,73540.32
Laura Taylor,30584.12
Jane Moore,78435.29
Mike Smith,86711.51
David Williams,30032.42
David Taylor,84783.39
John Johnson,98328.67
Sarah Miller,69260.4
Sarah Taylor,86607.56
Katie Jones,61600.93
Jane Williams,90830.76
Jane Jones,44357.66
Laura Jones,56948.81
Sarah Davis,48755.83
John Davis,86169.29
John Moore,67565.45
Chris Miller,85680.99
Alex Brown,92420.33
Chris Smith,78165.33
Chris Johnson,43833.05
Laura Brown,61556.43
Alex Brown,77995.53
Mike Smith,73690.05
David Wilson,77935.61
Chris Davis,59117.75
Laura Smith,73975.63
Mike Smith,46804.24
Emily Wilson,88277.13
Laura Jones,99241.54
Mike Miller,42694.83
Alex Taylor,32946.56
John Moore,83301.83
Emily Moore,36867.6
Emily Jones,75059.63
Mike Taylor,79653.24
David Smith,96454.78
Alex Wilson,88546.08
David Williams,37214.55
Jane Johnson,74115.37
Emily Wilson,45099.23
Mike Miller,78251.71
Sarah Wilson,70403.32
Emily Wilson,36830.43
David Williams,86309.37
Chris Smith,78925.78
John Davis,73753.09
David Brown,82111.67
Chris Miller,75021.58
David Brown,98142.45
John Moore,57195.57
Laura Moore,89024.15
Emily Davis,67218.89
Laura Jones,56238.09
Sarah Taylor,79696.52
Emily Brown,72002.6
Chris Smith,65040.12
Katie Taylor,85354.49
Laura Miller,82291.49
John Davis,69868.89
Katie Miller,65344.52
Alex Smith,69872.86
Chris Brown,67345.38
Chris Davis,43819.27
Katie Wilson,86600.05
Alex Johnson,43487.13
Emily Johnson,74099.4
Jane Smith,98342.21
Sarah Smith,54738.51
John Miller,35539.63
Katie Williams,32893.35
David Johnson,42219.46
Sarah Williams,71904.52
John Williams,69807.93
John Miller,80474.66
Chris Smith,50263.62
Alex Johnson,35577.81
Laura Miller,63364.91
Laura Williams,42990.14
Mike Moore,72206.13
David Williams,42003.92
Laura Wilson,44165.29
Emily Williams,63882.91
Emily Johnson,81056.94
Katie Jones,95209.01
Chris Williams,90719.11
Laura Wilson,43504.82
Laura Miller,54046.26
Katie Brown,44943.19
Jane Johnson,40811.33
Chris Williams,63973.12
Chris Jones,30487.64
Laura Smith,30319.59
Sarah Davis,55548.3
Sarah Smith,88105.88
David Williams,79463.16
Chris Wilson,90634.24
Katie Moore,31914.86
Jane Wilson,63150.67
Jane Jones,82644.21
Laura Jones,53506.02
Chris Wilson,77323.31
Jane Davis,61478.83
Chris Johnson,38102.27
Alex Davis,55096.93
David Jones,91313.69
John Jones,42492.85
John Johnson,63442.73
Laura Smith,49624.32
Jane Wilson,36962.28
Chris Moore,93983.27
Mike Davis,41335.44
John Davis,32790.85
Katie Smith,97391.65
Sarah Miller,43456.51
Katie Taylor,80192.33
Emily Johnson,57440.61
Alex Taylor,59931.61
Laura Jones,85015.76
Alex Smith,64992.08
Mike Smith,32216.9
Emily Smith,74870.32
Mike Jones,88029.82
Emily Brown,39259.2
Laura Johnson,72710.77
Sarah Jones,96627.36
Laura Jones,91840.44
Chris Taylor,95128.53
Sarah Davis,42248.87
John Wilson,36561.54
Alex Wilson,30488.51
Mike Taylor,91742.7
Jane Miller,84577.14
Emily Jones,40210.98
Alex Williams,88474.78
Laura Jones,69730.44
Jane Jones,89470.28
John Brown,96779.1
Jane Johnson,76855.84
Emily Moore,55667.86
John Davis,36105.83
Sarah Moore,86351.35
David Moore,82146.65
Sarah Brown,89513.02
Katie Johnson,90049.81
Mike Moore,42821.95
Katie Smith,66434.24
Katie Williams,87740.79
Mike Taylor,40540.7
Mike Moore,58603.96
John Johnson,65911.96
David Moore,68399.19
Mike Wilson,81816.76
Jane Brown,68049.29
John Smith,38245.82
Emily Brown,79945.01
Laura Davis,90757.25
Laura Miller,33179.72
Jane Jones,38045.86
Katie Moore,64838.39
Emily Moore,70628.37
Sarah Taylor,64021.2
John Johnson,34626.44
Laura Smith,72149.35
Emily Davis,99346.36
Laura Johnson,72581.4
Laura Wilson,97825.86
Alex Williams,85584.79
Mike Miller,70592.08
Laura Jones,63808.69
Alex Jones,62786.42
Laura Taylor,45594.28
Emily Smith,56077.06
Katie Brown,92592.35
Sarah Moore,49895.28
Chris Jones,83214.36
David Smith,75517.94
Mike Wilson,85138.45
David Smith,98139.48
Laura Jones,77624.72
Laura Miller,32141.64
Chris Williams,32672.13
David Moore,37858.82
Jane Davis,32519.97
John Wilson,90564.81
Emily Miller,50946.83
Katie Williams,52894.5
Chris Brown,73996.55
Katie Williams,67826.56
Katie Wilson,85201.12
John Williams,94146.04
Jane Williams,92228.25
Jane Williams,48250.08
David Brown,70512.09
Sarah Johnson,69499.61
Katie Miller,65061.65
Mike Brown,87201.42
Chris Jones,41041.25
David Williams,76518.35
John Wilson,60320.92
Katie Williams,34074.93
John Moore,69771.49
Katie Moore,34015.37
Chris Brown,98293.43
John Miller,58049.69
Alex Jones,75460.4
Emily Miller,90904.77
Emily Smith,78094.38
Alex Miller,72811.6
Jane Jones,87939.44
Laura Brown,76015.78
Chris Smith,66564.04
Jane Williams,95073.68
Sarah Johnson,83306.84
Alex Davis,63326.09
John Taylor,36545.38
David Moore,39515.44
Katie Miller,57547.94
David Miller,92949.19
Mike Wilson,56822.62
Mike Williams,34979.31
Chris Wilson,66473.65
Alex Jones,76572.74
Chris Johnson,34894.35
David Johnson,52292.73
Jane Miller,93712.3
John Moore,76478.6
Katie Williams,66257.5
Laura Davis,93003.14
Emily Davis,93552.76
Mike Johnson,79559.34
Katie Williams,56725.9
Emily Jones,50595.58
Emily Brown,81525.72
Chris Williams,67428.23
David Williams,75817.88
Chris Smith,66310.61
Mike Johnson,65495.29
Mike Jones,55115.26
Alex Wilson,36365.84
Jane Jones,76426.82
